"customer_id","contract_id","date_start","date_end_exclusive","sub_contract_end_reason","subscribed_power_kva","smart_metered","profile","customer_type","specific_price","estimated_annual_consumption_kwh","tension"
1,"1-a","2020-09-16","2020-09-19","changed subscribed power",6,"False","RES2","residential","False",4500,"BT<=36kVA RES"
1,"1-b","2020-09-19",,,9,"False","RES2","residential","False",4500,"BT<=36kVA RES"
2,"2-a","2020-09-17","2020-09-21","contract end",15,"True",,"professionnal","True",20000,"BT<=36kVA PRO"
3,"3-a","2020-09-18",,,3,"True",,"residential","False",3000,"BT<=36kVA RES"
4,"4-a","2020-09-19",,,12,"False","PRO1","professionnal","False",10000,"BT<=36kVA PRO"
5,"5-a","2020-09-18","2020-09-26","contract end",9,"False","RES2","residential","True",5000,"BT<=36kVA RES"
6,"6-a","2020-09-23",,,6,"False","RES2","residential","True",4000,"BT<=36kVA RES"
